{
  "sections": {    "hero_banner": {
      "type": "image-banner",
      "blocks": {
        "heading": {
          "type": "heading",
          "settings": {
            "heading": "Come for the coffee, stay for the community, grab the goods before you go",
            "heading_size": "h0"
          }
        },
        "text": {
          "type": "text",
          "settings": {
            "text": "Not your copy-paste coffee shop — and that's the point",
            "text_style": "subtitle"
          }
        },
        "button": {
          "type": "buttons",
          "settings": {
            "button_label_1": "Visit Us",
            "button_link_1": "/pages/contact",
            "button_style_secondary_1": false,
            "button_label_2": "",
            "button_link_2": "",
            "button_style_secondary_2": false
          }
        }
      },
      "block_order": [
        "heading",
        "text",
        "button"
      ],      "settings": {
        "image": "shopify://shop_images/coffee.png",
        "image_overlay_opacity": 40,
        "image_height": "large",
        "desktop_content_position": "middle-center",
        "show_text_box": true,
        "desktop_content_alignment": "center",
        "color_scheme": "scheme-1",
        "image_behavior": "none",
        "mobile_content_alignment": "center",
        "stack_images_on_mobile": true,
        "show_text_below": true
      }
    },
    "coffee_community_intro": {
      "type": "rich-text",
      "blocks": {
        "text": {
          "type": "text",
          "settings": {
            "text": "<p>Coffee, community, and connection — all under one roof. Body copy will highlight the purpose: connection. Family-friendly, high-energy, and deeply welcoming. We're a hangout, not a hushed café. A \"come sit with us\" kind of spot.</p>"
          }
        }
      },
      "block_order": [
        "text"
      ],
      "settings": {
        "desktop_content_position": "center",
        "content_alignment": "center",
        "color_scheme": "scheme-2",
        "full_width": true,
        "padding_top": 60,
        "padding_bottom": 60
      }
    },    "whats_the_outpost": {
      "type": "multicolumn",
      "blocks": {
        "coffee": {
          "type": "column",
          "settings": {
            "title": "Coffee",
            "text": "<p>Supporting body copy with a 1-liner about the shop/the brand.</p>",
            "link_label": "What's Brewing?",
            "link": "/collections/coffee"
          }
        },
        "community": {
          "type": "column",
          "settings": {
            "title": "Community",
            "text": "<p>Supporting body copy about the community mission (events, rental).</p>",
            "link_label": "Rent Our Space",
            "link": "/pages/events"
          }
        },
        "goods": {
          "type": "column",
          "settings": {
            "title": "Goods",
            "text": "<p>Supporting body copy, touch on curated retail with local flair.</p>",
            "link_label": "Shop Goods",
            "link": "/collections/all"
          }
        }
      },
      "block_order": [
        "coffee",
        "community", 
        "goods"
      ],
      "settings": {
        "title": "The \"What's The Outpost?\" section",
        "heading_size": "h1",
        "description": "<p>A 1-2 line of supporting body copy referencing your mission, punchy statement, & highlighting your POVs.</p>",
        "image_width": "full",
        "image_ratio": "adapt",
        "columns_desktop": 3,
        "column_alignment": "center",
        "background_style": "primary",
        "button_label": "",
        "button_link": "",
        "color_scheme": "scheme-1",
        "columns_mobile": "1",
        "swipe_on_mobile": false,
        "padding_top": 60,
        "padding_bottom": 60
      }
    },    "upcoming_events": {
      "type": "rich-text",
      "blocks": {
        "heading": {
          "type": "heading",
          "settings": {
            "heading": "Upcoming events, good times ahead",
            "heading_size": "h1"
          }
        },
        "text": {
          "type": "text",
          "settings": {
            "text": "<p>Highlight 1-2 upcoming happenings + link to full calendar.</p>"
          }
        },
        "button": {
          "type": "button",
          "settings": {
            "button_label": "See What's Coming",
            "button_link": "/pages/events",
            "button_style_secondary": false,
            "button_label_2": "",
            "button_link_2": "",
            "button_style_secondary_2": false
          }
        }
      },
      "block_order": [
        "heading",
        "text",
        "button"
      ],
      "settings": {
        "desktop_content_position": "center",
        "content_alignment": "center",
        "color_scheme": "scheme-2",
        "full_width": true,
        "padding_top": 60,
        "padding_bottom": 40
      }
    },    "featured_products": {
      "type": "featured-collection",
      "settings": {
        "title": "Quick section introducing the shop + goods / meet the goodies section",
        "heading_size": "h1",
        "description": "<p>Quick blurb introducing shop goods — Lake Norman apparel, adventure items, fun picks. Etc.</p>",
        "show_description": true,
        "description_style": "body",
        "collection": "featured-products",
        "products_to_show": 4,
        "columns_desktop": 4,
        "full_width": false,
        "show_view_all": true,
        "view_all_style": "solid",
        "enable_desktop_slider": true,
        "color_scheme": "scheme-1",
        "image_ratio": "adapt",
        "image_shape": "default",
        "show_secondary_image": false,
        "show_vendor": false,
        "show_rating": false,
        "quick_add": "none",
        "columns_mobile": "2",
        "swipe_on_mobile": true,
        "padding_top": 20,
        "padding_bottom": 60
      }
    },    "final_cta": {
      "type": "image-banner",
      "blocks": {
        "heading": {
          "type": "heading",
          "settings": {
            "heading": "Step inside. Stay awhile – final bit of text here",
            "heading_size": "h1"
          }
        },
        "text": {
          "type": "text",
          "settings": {
            "text": "Closing body copy hitting hard on the POVs to reinforce the community energy, belonging, and piquing curiosity to come in for a visit. Basically a come see us our else!",
            "text_style": "body"
          }
        },
        "button": {
          "type": "buttons",
          "settings": {
            "button_label_1": "Visit Us",
            "button_link_1": "/pages/contact",
            "button_style_secondary_1": false,
            "button_label_2": "See Our Hours",
            "button_link_2": "/pages/contact",
            "button_style_secondary_2": true
          }
        }
      },
      "block_order": [
        "heading",
        "text",
        "button"
      ],
      "settings": {
        "image_overlay_opacity": 40,
        "image_height": "large",
        "desktop_content_position": "middle-center",
        "show_text_box": true,
        "desktop_content_alignment": "center",
        "color_scheme": "scheme-3",
        "mobile_content_alignment": "center",
        "stack_images_on_mobile": true,
        "show_text_below": false,
        "image_behavior": "ambient"
      }
    }
  },"order": [
    "hero_banner",
    "coffee_community_intro",
    "whats_the_outpost",
    "upcoming_events",
    "featured_products",
    "final_cta"
  ]
}
